left,right,cosine_similarity
data__gallery__cyy1,data__gallery__cyy2,0.02791307
data__gallery__cyy1,data__gallery__cyy3,0.16107714
data__gallery__cyy1,data__gallery__cyy4,-0.03795221
data__gallery__cyy1,data__mask__1,-0.06511834
data__gallery__cyy1,data__mask__10,0.15700401
data__gallery__cyy1,data__mask__11,0.10995407
data__gallery__cyy1,data__mask__12,0.23471086
data__gallery__cyy1,data__mask__13,0.28345454
data__gallery__cyy1,data__mask__14,0.17528616
data__gallery__cyy1,data__mask__15,0.22192404
data__gallery__cyy1,data__mask__16,0.02872610
data__gallery__cyy1,data__mask__17,0.10580188
data__gallery__cyy1,data__mask__18,-0.07318632
data__gallery__cyy1,data__mask__19,-0.04563145
data__gallery__cyy1,data__mask__2,-0.04334278
data__gallery__cyy1,data__mask__20,-0.06802495
data__gallery__cyy1,data__mask__21,0.06097495
data__gallery__cyy1,data__mask__22,0.01140168
data__gallery__cyy1,data__mask__23,-0.02631890
data__gallery__cyy1,data__mask__24,-0.02377472
data__gallery__cyy1,data__mask__25,0.00688866
data__gallery__cyy1,data__mask__26,-0.05584069
data__gallery__cyy1,data__mask__27,-0.08241223
data__gallery__cyy1,data__mask__28,0.02174981
data__gallery__cyy1,data__mask__29,-0.08832264
data__gallery__cyy1,data__mask__3,-0.01386751
data__gallery__cyy1,data__mask__30,-0.06106137
data__gallery__cyy1,data__mask__31,-0.10595639
data__gallery__cyy1,data__mask__32,0.01120646
data__gallery__cyy1,data__mask__33,-0.09854598
data__gallery__cyy1,data__mask__34,-0.13881174
data__gallery__cyy1,data__mask__35,0.06814004
data__gallery__cyy1,data__mask__36,0.09424338
data__gallery__cyy1,data__mask__37,-0.07389727
data__gallery__cyy1,data__mask__38,-0.02051774
data__gallery__cyy1,data__mask__39,0.03720277
data__gallery__cyy1,data__mask__4,-0.02730051
data__gallery__cyy1,data__mask__40,0.05625467
data__gallery__cyy1,data__mask__41,-0.03484290
data__gallery__cyy1,data__mask__5,-0.01636949
data__gallery__cyy1,data__mask__6,-0.04100321
data__gallery__cyy1,data__mask__7,-0.05862072
data__gallery__cyy1,data__mask__8,0.02468533
data__gallery__cyy1,data__mask__9,-0.01526963
data__gallery__cyy2,data__gallery__cyy3,-0.01091337
data__gallery__cyy2,data__gallery__cyy4,0.17383453
data__gallery__cyy2,data__mask__1,-0.09523559
data__gallery__cyy2,data__mask__10,0.13570550
data__gallery__cyy2,data__mask__11,0.09148680
data__gallery__cyy2,data__mask__12,0.03740649
data__gallery__cyy2,data__mask__13,0.11966409
data__gallery__cyy2,data__mask__14,0.03893740
data__gallery__cyy2,data__mask__15,-0.02064676
data__gallery__cyy2,data__mask__16,0.04230821
data__gallery__cyy2,data__mask__17,0.08905549
data__gallery__cyy2,data__mask__18,0.08238472
data__gallery__cyy2,data__mask__19,0.09693900
data__gallery__cyy2,data__mask__2,0.10128257
data__gallery__cyy2,data__mask__20,0.10645075
data__gallery__cyy2,data__mask__21,0.12902258
data__gallery__cyy2,data__mask__22,0.18721327
data__gallery__cyy2,data__mask__23,0.27675644
data__gallery__cyy2,data__mask__24,0.11847825
data__gallery__cyy2,data__mask__25,0.10810600
data__gallery__cyy2,data__mask__26,0.09336995
data__gallery__cyy2,data__mask__27,0.08494004
data__gallery__cyy2,data__mask__28,-0.00545589
data__gallery__cyy2,data__mask__29,0.10111996
data__gallery__cyy2,data__mask__3,0.01210132
data__gallery__cyy2,data__mask__30,0.04099338
data__gallery__cyy2,data__mask__31,0.09898856
data__gallery__cyy2,data__mask__32,0.02434984
data__gallery__cyy2,data__mask__33,0.13235047
data__gallery__cyy2,data__mask__34,0.04658061
data__gallery__cyy2,data__mask__35,0.05092819
data__gallery__cyy2,data__mask__36,0.03954144
data__gallery__cyy2,data__mask__37,0.04799045
data__gallery__cyy2,data__mask__38,0.06714705
data__gallery__cyy2,data__mask__39,0.04074726
data__gallery__cyy2,data__mask__4,0.01128195
data__gallery__cyy2,data__mask__40,0.02796920
data__gallery__cyy2,data__mask__41,0.10057538
data__gallery__cyy2,data__mask__5,0.09854277
data__gallery__cyy2,data__mask__6,0.02223606
data__gallery__cyy2,data__mask__7,0.02364966
data__gallery__cyy2,data__mask__8,0.08013941
data__gallery__cyy2,data__mask__9,0.01552111
data__gallery__cyy3,data__gallery__cyy4,0.02319203
data__gallery__cyy3,data__mask__1,0.16202313
data__gallery__cyy3,data__mask__10,0.02539491
data__gallery__cyy3,data__mask__11,0.01342325
data__gallery__cyy3,data__mask__12,-0.06552307
data__gallery__cyy3,data__mask__13,0.01347997
data__gallery__cyy3,data__mask__14,-0.06591405
data__gallery__cyy3,data__mask__15,0.01027033
data__gallery__cyy3,data__mask__16,0.00115522
data__gallery__cyy3,data__mask__17,0.00431639
data__gallery__cyy3,data__mask__18,-0.01979972
data__gallery__cyy3,data__mask__19,-0.04399545
data__gallery__cyy3,data__mask__2,0.29593831
data__gallery__cyy3,data__mask__20,0.08707584
data__gallery__cyy3,data__mask__21,-0.04161065
data__gallery__cyy3,data__mask__22,-0.02530522
data__gallery__cyy3,data__mask__23,0.00033425
data__gallery__cyy3,data__mask__24,-0.10579856
data__gallery__cyy3,data__mask__25,-0.02412599
data__gallery__cyy3,data__mask__26,-0.04916865
data__gallery__cyy3,data__mask__27,-0.06379586
data__gallery__cyy3,data__mask__28,-0.04889892
data__gallery__cyy3,data__mask__29,-0.03963769
data__gallery__cyy3,data__mask__3,0.36058199
data__gallery__cyy3,data__mask__30,-0.03235906
data__gallery__cyy3,data__mask__31,-0.08767371
data__gallery__cyy3,data__mask__32,0.02099925
data__gallery__cyy3,data__mask__33,-0.02720179
data__gallery__cyy3,data__mask__34,-0.07191051
data__gallery__cyy3,data__mask__35,0.60732400
data__gallery__cyy3,data__mask__36,0.50700164
data__gallery__cyy3,data__mask__37,0.38252169
data__gallery__cyy3,data__mask__38,0.36243486
data__gallery__cyy3,data__mask__39,0.47058558
data__gallery__cyy3,data__mask__4,0.18136348
data__gallery__cyy3,data__mask__40,0.42176151
data__gallery__cyy3,data__mask__41,0.09200872
data__gallery__cyy3,data__mask__5,0.27488029
data__gallery__cyy3,data__mask__6,0.30495811
data__gallery__cyy3,data__mask__7,0.16385190
data__gallery__cyy3,data__mask__8,0.39212745
data__gallery__cyy3,data__mask__9,0.31087106
data__gallery__cyy4,data__mask__1,-0.05065205
data__gallery__cyy4,data__mask__10,0.02552626
data__gallery__cyy4,data__mask__11,0.04179556
data__gallery__cyy4,data__mask__12,0.00901823
data__gallery__cyy4,data__mask__13,-0.06188425
data__gallery__cyy4,data__mask__14,-0.09236069
data__gallery__cyy4,data__mask__15,-0.01229689
data__gallery__cyy4,data__mask__16,0.25838119
data__gallery__cyy4,data__mask__17,0.10891521
data__gallery__cyy4,data__mask__18,0.17385311
data__gallery__cyy4,data__mask__19,0.24527544
data__gallery__cyy4,data__mask__2,0.10818570
data__gallery__cyy4,data__mask__20,0.24026972
data__gallery__cyy4,data__mask__21,0.07517055
data__gallery__cyy4,data__mask__22,0.04777404
data__gallery__cyy4,data__mask__23,-0.00443266
data__gallery__cyy4,data__mask__24,0.10982940
data__gallery__cyy4,data__mask__25,0.04260401
data__gallery__cyy4,data__mask__26,0.01981753
data__gallery__cyy4,data__mask__27,0.04814892
data__gallery__cyy4,data__mask__28,0.01138172
data__gallery__cyy4,data__mask__29,0.02619408
data__gallery__cyy4,data__mask__3,0.00865620
data__gallery__cyy4,data__mask__30,-0.04299250
data__gallery__cyy4,data__mask__31,0.09389402
data__gallery__cyy4,data__mask__32,-0.02788824
data__gallery__cyy4,data__mask__33,0.02670458
data__gallery__cyy4,data__mask__34,0.13685034
data__gallery__cyy4,data__mask__35,0.10547677
data__gallery__cyy4,data__mask__36,0.06470467
data__gallery__cyy4,data__mask__37,-0.05411310
data__gallery__cyy4,data__mask__38,-0.03022240
data__gallery__cyy4,data__mask__39,-0.05140448
data__gallery__cyy4,data__mask__4,0.11739860
data__gallery__cyy4,data__mask__40,0.08226682
data__gallery__cyy4,data__mask__41,0.13947676
data__gallery__cyy4,data__mask__5,0.02827463
data__gallery__cyy4,data__mask__6,0.13475811
data__gallery__cyy4,data__mask__7,0.09342855
data__gallery__cyy4,data__mask__8,0.09978570
data__gallery__cyy4,data__mask__9,0.11073681
data__mask__1,data__mask__10,0.00494128
data__mask__1,data__mask__11,0.01326936
data__mask__1,data__mask__12,0.00125373
data__mask__1,data__mask__13,0.07794342
data__mask__1,data__mask__14,0.07085446
data__mask__1,data__mask__15,0.01357330
data__mask__1,data__mask__16,0.14104170
data__mask__1,data__mask__17,0.18109418
data__mask__1,data__mask__18,0.11736435
data__mask__1,data__mask__19,0.13834937
data__mask__1,data__mask__2,0.22508936
data__mask__1,data__mask__20,0.10903265
data__mask__1,data__mask__21,0.01414081
data__mask__1,data__mask__22,0.15665129
data__mask__1,data__mask__23,0.13012162
data__mask__1,data__mask__24,0.06238414
data__mask__1,data__mask__25,0.02777647
data__mask__1,data__mask__26,0.23027836
data__mask__1,data__mask__27,0.09476048
data__mask__1,data__mask__28,-0.03504910
data__mask__1,data__mask__29,-0.05781446
data__mask__1,data__mask__3,0.20754433
data__mask__1,data__mask__30,0.28783053
data__mask__1,data__mask__31,0.15859891
data__mask__1,data__mask__32,0.20415944
data__mask__1,data__mask__33,0.23235449
data__mask__1,data__mask__34,0.06053612
data__mask__1,data__mask__35,0.18171367
data__mask__1,data__mask__36,0.13682380
data__mask__1,data__mask__37,0.11192036
data__mask__1,data__mask__38,0.22191125
data__mask__1,data__mask__39,0.23065087
data__mask__1,data__mask__4,0.27095839
data__mask__1,data__mask__40,0.17698510
data__mask__1,data__mask__41,0.06690339
data__mask__1,data__mask__5,0.23651305
data__mask__1,data__mask__6,0.22158521
data__mask__1,data__mask__7,0.22703436
data__mask__1,data__mask__8,0.22608319
data__mask__1,data__mask__9,0.21551719
data__mask__10,data__mask__11,0.63521504
data__mask__10,data__mask__12,0.27367422
data__mask__10,data__mask__13,0.34600389
data__mask__10,data__mask__14,0.13977924
data__mask__10,data__mask__15,0.16815311
data__mask__10,data__mask__16,0.22062726
data__mask__10,data__mask__17,0.31825465
data__mask__10,data__mask__18,0.03886865
data__mask__10,data__mask__19,0.16501024
data__mask__10,data__mask__2,0.17384997
data__mask__10,data__mask__20,0.10687639
data__mask__10,data__mask__21,0.16869876
data__mask__10,data__mask__22,0.16093598
data__mask__10,data__mask__23,0.22231281
data__mask__10,data__mask__24,0.17126097
data__mask__10,data__mask__25,0.16110668
data__mask__10,data__mask__26,0.02766116
data__mask__10,data__mask__27,0.28756797
data__mask__10,data__mask__28,0.08358102
data__mask__10,data__mask__29,0.11984140
data__mask__10,data__mask__3,0.29621261
data__mask__10,data__mask__30,0.03893575
data__mask__10,data__mask__31,0.07932248
data__mask__10,data__mask__32,0.04296692
data__mask__10,data__mask__33,0.09318033
data__mask__10,data__mask__34,0.07649580
data__mask__10,data__mask__35,0.07003622
data__mask__10,data__mask__36,0.06644242
data__mask__10,data__mask__37,0.02023048
data__mask__10,data__mask__38,0.04506532
data__mask__10,data__mask__39,0.06700884
data__mask__10,data__mask__4,0.17306754
data__mask__10,data__mask__40,0.07348290
data__mask__10,data__mask__41,0.13523594
data__mask__10,data__mask__5,0.22198386
data__mask__10,data__mask__6,0.14926286
data__mask__10,data__mask__7,0.12904777
data__mask__10,data__mask__8,0.23838618
data__mask__10,data__mask__9,0.15154365
data__mask__11,data__mask__12,0.22500794
data__mask__11,data__mask__13,0.26352841
data__mask__11,data__mask__14,0.27594662
data__mask__11,data__mask__15,0.19032055
data__mask__11,data__mask__16,0.18047762
data__mask__11,data__mask__17,0.39452296
data__mask__11,data__mask__18,0.08542222
data__mask__11,data__mask__19,0.00360374
data__mask__11,data__mask__2,0.20318472
data__mask__11,data__mask__20,0.13408813
data__mask__11,data__mask__21,0.19331355
data__mask__11,data__mask__22,0.19185439
data__mask__11,data__mask__23,0.25614357
data__mask__11,data__mask__24,0.18588975
data__mask__11,data__mask__25,0.19492979
data__mask__11,data__mask__26,0.16657542
data__mask__11,data__mask__27,0.36004570
data__mask__11,data__mask__28,0.19973794
data__mask__11,data__mask__29,0.23076722
data__mask__11,data__mask__3,0.28866383
data__mask__11,data__mask__30,0.10919640
data__mask__11,data__mask__31,0.21997228
data__mask__11,data__mask__32,0.12327248
data__mask__11,data__mask__33,0.11864057
data__mask__11,data__mask__34,0.18909058
data__mask__11,data__mask__35,0.08631447
data__mask__11,data__mask__36,0.04050861
data__mask__11,data__mask__37,0.15533911
data__mask__11,data__mask__38,0.14641407
data__mask__11,data__mask__39,0.10774954
data__mask__11,data__mask__4,0.12252089
data__mask__11,data__mask__40,0.18417601
data__mask__11,data__mask__41,0.17227745
data__mask__11,data__mask__5,0.26397336
data__mask__11,data__mask__6,0.12485903
data__mask__11,data__mask__7,0.11701632
data__mask__11,data__mask__8,0.23431590
data__mask__11,data__mask__9,0.14070351
data__mask__12,data__mask__13,0.46094766
data__mask__12,data__mask__14,0.49650350
data__mask__12,data__mask__15,0.62676495
data__mask__12,data__mask__16,0.17023328
data__mask__12,data__mask__17,0.18483762
data__mask__12,data__mask__18,0.19564903
data__mask__12,data__mask__19,0.15955171
data__mask__12,data__mask__2,0.10597122
data__mask__12,data__mask__20,0.26512632
data__mask__12,data__mask__21,0.07488143
data__mask__12,data__mask__22,0.10392381
data__mask__12,data__mask__23,0.18635446
data__mask__12,data__mask__24,0.22545934
data__mask__12,data__mask__25,0.23343912
data__mask__12,data__mask__26,0.07927904
data__mask__12,data__mask__27,0.08819286
data__mask__12,data__mask__28,0.23280652
data__mask__12,data__mask__29,0.15751497
data__mask__12,data__mask__3,0.03442695
data__mask__12,data__mask__30,0.01952244
data__mask__12,data__mask__31,0.03425911
data__mask__12,data__mask__32,0.09273301
data__mask__12,data__mask__33,0.05232222
data__mask__12,data__mask__34,0.13347802
data__mask__12,data__mask__35,0.05030786
data__mask__12,data__mask__36,0.08636352
data__mask__12,data__mask__37,0.10878874
data__mask__12,data__mask__38,0.08467413
data__mask__12,data__mask__39,0.05139135
data__mask__12,data__mask__4,0.05839900
data__mask__12,data__mask__40,0.04532503
data__mask__12,data__mask__41,0.16095226
data__mask__12,data__mask__5,-0.00753813
data__mask__12,data__mask__6,0.07076722
data__mask__12,data__mask__7,0.09842984
data__mask__12,data__mask__8,0.09037542
data__mask__12,data__mask__9,0.12490914
data__mask__13,data__mask__14,0.32014531
data__mask__13,data__mask__15,0.37068385
data__mask__13,data__mask__16,0.09765785
data__mask__13,data__mask__17,0.18986674
data__mask__13,data__mask__18,0.10774758
data__mask__13,data__mask__19,0.12806794
data__mask__13,data__mask__2,0.18792737
data__mask__13,data__mask__20,0.12146066
data__mask__13,data__mask__21,0.12924132
data__mask__13,data__mask__22,0.15164486
data__mask__13,data__mask__23,0.21050784
data__mask__13,data__mask__24,0.16855019
data__mask__13,data__mask__25,0.12577938
data__mask__13,data__mask__26,0.03497552
data__mask__13,data__mask__27,0.15456791
data__mask__13,data__mask__28,0.06759879
data__mask__13,data__mask__29,0.10002689
data__mask__13,data__mask__3,0.16725668
data__mask__13,data__mask__30,0.05681922
data__mask__13,data__mask__31,0.04610303
data__mask__13,data__mask__32,0.13049391
data__mask__13,data__mask__33,0.15227589
data__mask__13,data__mask__34,0.11330770
data__mask__13,data__mask__35,0.10146995
data__mask__13,data__mask__36,0.13094056
data__mask__13,data__mask__37,0.11831750
data__mask__13,data__mask__38,0.12397107
data__mask__13,data__mask__39,0.08630557
data__mask__13,data__mask__4,0.15608731
data__mask__13,data__mask__40,0.07352912
data__mask__13,data__mask__41,0.09880722
data__mask__13,data__mask__5,0.17612290
data__mask__13,data__mask__6,0.16384719
data__mask__13,data__mask__7,0.18832514
data__mask__13,data__mask__8,0.23157822
data__mask__13,data__mask__9,0.15063396
data__mask__14,data__mask__15,0.52897543
data__mask__14,data__mask__16,0.09122120
data__mask__14,data__mask__17,0.16438448
data__mask__14,data__mask__18,0.17918704
data__mask__14,data__mask__19,0.15721987
data__mask__14,data__mask__2,0.08919832
data__mask__14,data__mask__20,0.05569082
data__mask__14,data__mask__21,0.07852002
data__mask__14,data__mask__22,0.11045247
data__mask__14,data__mask__23,0.19887345
data__mask__14,data__mask__24,0.11099439
data__mask__14,data__mask__25,0.12182363
data__mask__14,data__mask__26,0.06801578
data__mask__14,data__mask__27,0.14925241
data__mask__14,data__mask__28,0.19722337
data__mask__14,data__mask__29,0.09227423
data__mask__14,data__mask__3,0.07047747
data__mask__14,data__mask__30,0.00263257
data__mask__14,data__mask__31,0.04120634
data__mask__14,data__mask__32,0.08765250
data__mask__14,data__mask__33,0.13173570
data__mask__14,data__mask__34,0.12515649
data__mask__14,data__mask__35,-0.06127819
data__mask__14,data__mask__36,0.00434619
data__mask__14,data__mask__37,0.16161534
data__mask__14,data__mask__38,0.09655730
data__mask__14,data__mask__39,0.09674890
data__mask__14,data__mask__4,0.11039080
data__mask__14,data__mask__40,0.01203413
data__mask__14,data__mask__41,0.06453229
data__mask__14,data__mask__5,0.00890240
data__mask__14,data__mask__6,0.06454081
data__mask__14,data__mask__7,0.02102346
data__mask__14,data__mask__8,0.10954258
data__mask__14,data__mask__9,0.11057042
data__mask__15,data__mask__16,0.14823742
data__mask__15,data__mask__17,0.10833886
data__mask__15,data__mask__18,0.22463834
data__mask__15,data__mask__19,0.14971560
data__mask__15,data__mask__2,-0.03911649
data__mask__15,data__mask__20,0.19488466
data__mask__15,data__mask__21,0.09212273
data__mask__15,data__mask__22,0.21699175
data__mask__15,data__mask__23,0.13336921
data__mask__15,data__mask__24,0.22025369
data__mask__15,data__mask__25,0.18899092
data__mask__15,data__mask__26,0.06000227
data__mask__15,data__mask__27,0.11645217
data__mask__15,data__mask__28,0.27133447
data__mask__15,data__mask__29,0.20840591
data__mask__15,data__mask__3,0.01121666
data__mask__15,data__mask__30,-0.00127324
data__mask__15,data__mask__31,-0.00039310
data__mask__15,data__mask__32,0.08163033
data__mask__15,data__mask__33,0.11137246
data__mask__15,data__mask__34,0.21920389
data__mask__15,data__mask__35,0.02796272
data__mask__15,data__mask__36,0.02907420
data__mask__15,data__mask__37,0.12002881
data__mask__15,data__mask__38,0.11582687
data__mask__15,data__mask__39,0.03389291
data__mask__15,data__mask__4,0.04259055
data__mask__15,data__mask__40,0.06509069
data__mask__15,data__mask__41,0.16289458
data__mask__15,data__mask__5,-0.00721125
data__mask__15,data__mask__6,0.06822865
data__mask__15,data__mask__7,-0.01132494
data__mask__15,data__mask__8,0.06173385
data__mask__15,data__mask__9,0.10520419
data__mask__16,data__mask__17,0.50485206
data__mask__16,data__mask__18,0.22640780
data__mask__16,data__mask__19,0.34992918
data__mask__16,data__mask__2,0.19655259
data__mask__16,data__mask__20,0.23590499
data__mask__16,data__mask__21,0.16798112
data__mask__16,data__mask__22,0.24306063
data__mask__16,data__mask__23,0.20676214
data__mask__16,data__mask__24,0.16108716
data__mask__16,data__mask__25,0.16880095
data__mask__16,data__mask__26,0.29475877
data__mask__16,data__mask__27,0.27672637
data__mask__16,data__mask__28,0.14938895
data__mask__16,data__mask__29,0.07510519
data__mask__16,data__mask__3,0.12754896
data__mask__16,data__mask__30,0.25746405
data__mask__16,data__mask__31,0.22710711
data__mask__16,data__mask__32,0.14826578
data__mask__16,data__mask__33,0.23221737
data__mask__16,data__mask__34,0.20348030
data__mask__16,data__mask__35,0.03903906
data__mask__16,data__mask__36,0.01917170
data__mask__16,data__mask__37,0.04635429
data__mask__16,data__mask__38,0.01893838
data__mask__16,data__mask__39,-0.01315757
data__mask__16,data__mask__4,0.17138535
data__mask__16,data__mask__40,0.16058862
data__mask__16,data__mask__41,0.28470126
data__mask__16,data__mask__5,0.14469159
data__mask__16,data__mask__6,0.11411092
data__mask__16,data__mask__7,0.17880851
data__mask__16,data__mask__8,0.15637040
data__mask__16,data__mask__9,0.13706397
data__mask__17,data__mask__18,0.13584283
data__mask__17,data__mask__19,0.23026821
data__mask__17,data__mask__2,0.22897361
data__mask__17,data__mask__20,0.22175124
data__mask__17,data__mask__21,0.24982846
data__mask__17,data__mask__22,0.28281313
data__mask__17,data__mask__23,0.20097935
data__mask__17,data__mask__24,0.20282307
data__mask__17,data__mask__25,0.18417832
data__mask__17,data__mask__26,0.23151544
data__mask__17,data__mask__27,0.28460681
data__mask__17,data__mask__28,0.19296968
data__mask__17,data__mask__29,0.26126194
data__mask__17,data__mask__3,0.16701192
data__mask__17,data__mask__30,0.29183662
data__mask__17,data__mask__31,0.26935053
data__mask__17,data__mask__32,0.27125376
data__mask__17,data__mask__33,0.34841809
data__mask__17,data__mask__34,0.22145471
data__mask__17,data__mask__35,0.06557900
data__mask__17,data__mask__36,0.02993581
data__mask__17,data__mask__37,0.02557793
data__mask__17,data__mask__38,0.04353040
data__mask__17,data__mask__39,0.01360210
data__mask__17,data__mask__4,0.14198394
data__mask__17,data__mask__40,0.15607466
data__mask__17,data__mask__41,0.27198142
data__mask__17,data__mask__5,0.25086230
data__mask__17,data__mask__6,0.07496325
data__mask__17,data__mask__7,0.14216724
data__mask__17,data__mask__8,0.21396437
data__mask__17,data__mask__9,0.08350441
data__mask__18,data__mask__19,0.48811501
data__mask__18,data__mask__2,0.20312339
data__mask__18,data__mask__20,0.48123032
data__mask__18,data__mask__21,0.08311838
data__mask__18,data__mask__22,0.23076472
data__mask__18,data__mask__23,0.05256833
data__mask__18,data__mask__24,0.08772778
data__mask__18,data__mask__25,0.13853738
data__mask__18,data__mask__26,0.11884906
data__mask__18,data__mask__27,0.11584327
data__mask__18,data__mask__28,0.07024254
data__mask__18,data__mask__29,0.20375137
data__mask__18,data__mask__3,0.10321735
data__mask__18,data__mask__30,0.04900469
data__mask__18,data__mask__31,-0.00036751
data__mask__18,data__mask__32,0.21225530
data__mask__18,data__mask__33,0.31735700
data__mask__18,data__mask__34,0.24392042
data__mask__18,data__mask__35,0.04782964
data__mask__18,data__mask__36,0.05532286
data__mask__18,data__mask__37,0.15377063
data__mask__18,data__mask__38,0.11747640
data__mask__18,data__mask__39,0.07956760
data__mask__18,data__mask__4,0.28316647
data__mask__18,data__mask__40,0.10985063
data__mask__18,data__mask__41,0.28079146
data__mask__18,data__mask__5,0.10674587
data__mask__18,data__mask__6,0.19670619
data__mask__18,data__mask__7,0.36076909
data__mask__18,data__mask__8,0.20514259
data__mask__18,data__mask__9,0.21471770
data__mask__19,data__mask__2,0.15213074
data__mask__19,data__mask__20,0.30584550
data__mask__19,data__mask__21,0.15559523
data__mask__19,data__mask__22,0.22135654
data__mask__19,data__mask__23,0.08404455
data__mask__19,data__mask__24,0.13055792
data__mask__19,data__mask__25,0.10894330
data__mask__19,data__mask__26,0.10074060
data__mask__19,data__mask__27,0.20574746
data__mask__19,data__mask__28,0.00108961
data__mask__19,data__mask__29,0.09052840
data__mask__19,data__mask__3,0.09611665
data__mask__19,data__mask__30,0.06006193
data__mask__19,data__mask__31,0.05284505
data__mask__19,data__mask__32,0.11932284
data__mask__19,data__mask__33,0.29290122
data__mask__19,data__mask__34,0.10334440
data__mask__19,data__mask__35,0.07928993
data__mask__19,data__mask__36,0.06939548
data__mask__19,data__mask__37,0.00547823
data__mask__19,data__mask__38,-0.00308074
data__mask__19,data__mask__39,0.04310808
data__mask__19,data__mask__4,0.27969128
data__mask__19,data__mask__40,0.06165854
data__mask__19,data__mask__41,0.30001163
data__mask__19,data__mask__5,0.06293744
data__mask__19,data__mask__6,0.21683094
data__mask__19,data__mask__7,0.25745505
data__mask__19,data__mask__8,0.19880868
data__mask__19,data__mask__9,0.17183334
data__mask__2,data__mask__20,0.27516541
data__mask__2,data__mask__21,0.08503445
data__mask__2,data__mask__22,0.01549302
data__mask__2,data__mask__23,0.23482139
data__mask__2,data__mask__24,0.00171125
data__mask__2,data__mask__25,-0.05017798
data__mask__2,data__mask__26,0.04825100
data__mask__2,data__mask__27,0.20790967
data__mask__2,data__mask__28,0.00314291
data__mask__2,data__mask__29,0.07836159
data__mask__2,data__mask__3,0.65885198
data__mask__2,data__mask__30,0.07796872
data__mask__2,data__mask__31,0.11767793
data__mask__2,data__mask__32,0.10516109
data__mask__2,data__mask__33,0.21727681
data__mask__2,data__mask__34,0.08454302
data__mask__2,data__mask__35,0.43864620
data__mask__2,data__mask__36,0.39798126
data__mask__2,data__mask__37,0.44709992
data__mask__2,data__mask__38,0.41689354
data__mask__2,data__mask__39,0.38656920
data__mask__2,data__mask__4,0.56707227
data__mask__2,data__mask__40,0.49197999
data__mask__2,data__mask__41,0.31802747
data__mask__2,data__mask__5,0.65008247
data__mask__2,data__mask__6,0.59545040
data__mask__2,data__mask__7,0.52744055
data__mask__2,data__mask__8,0.66318583
data__mask__2,data__mask__9,0.48958397
data__mask__20,data__mask__21,0.14054830
data__mask__20,data__mask__22,0.17967433
data__mask__20,data__mask__23,0.13098554
data__mask__20,data__mask__24,0.11823580
data__mask__20,data__mask__25,0.21792826
data__mask__20,data__mask__26,0.10166082
data__mask__20,data__mask__27,0.29933059
data__mask__20,data__mask__28,0.14395648
data__mask__20,data__mask__29,0.22891739
data__mask__20,data__mask__3,0.16288635
data__mask__20,data__mask__30,0.08964424
data__mask__20,data__mask__31,0.17138416
data__mask__20,data__mask__32,0.17467041
data__mask__20,data__mask__33,0.26719362
data__mask__20,data__mask__34,0.23680221
data__mask__20,data__mask__35,0.14290822
data__mask__20,data__mask__36,0.15968698
data__mask__20,data__mask__37,0.17430803
data__mask__20,data__mask__38,0.14268576
data__mask__20,data__mask__39,0.08666030
data__mask__20,data__mask__4,0.30090433
data__mask__20,data__mask__40,0.30745125
data__mask__20,data__mask__41,0.36771673
data__mask__20,data__mask__5,0.22808844
data__mask__20,data__mask__6,0.16089940
data__mask__20,data__mask__7,0.23033378
data__mask__20,data__mask__8,0.25173596
data__mask__20,data__mask__9,0.27203929
data__mask__21,data__mask__22,0.17993033
data__mask__21,data__mask__23,0.21793371
data__mask__21,data__mask__24,0.32489747
data__mask__21,data__mask__25,0.33669648
data__mask__21,data__mask__26,0.34016460
data__mask__21,data__mask__27,0.18667907
data__mask__21,data__mask__28,0.20268512
data__mask__21,data__mask__29,0.24420391
data__mask__21,data__mask__3,0.11421922
data__mask__21,data__mask__30,0.33692208
data__mask__21,data__mask__31,0.42672127
data__mask__21,data__mask__32,0.33357894
data__mask__21,data__mask__33,0.19130188
data__mask__21,data__mask__34,0.18324679
data__mask__21,data__mask__35,0.04921132
data__mask__21,data__mask__36,0.09594314
data__mask__21,data__mask__37,0.09867544
data__mask__21,data__mask__38,0.11323094
data__mask__21,data__mask__39,0.09286053
data__mask__21,data__mask__4,0.05401936
data__mask__21,data__mask__40,-0.00187442
data__mask__21,data__mask__41,0.23553614
data__mask__21,data__mask__5,0.03245343
data__mask__21,data__mask__6,0.05581341
data__mask__21,data__mask__7,0.08232082
data__mask__21,data__mask__8,0.05544756
data__mask__21,data__mask__9,0.04341868
data__mask__22,data__mask__23,0.26549381
data__mask__22,data__mask__24,0.31094134
data__mask__22,data__mask__25,0.20350300
data__mask__22,data__mask__26,0.31479508
data__mask__22,data__mask__27,0.23385163
data__mask__22,data__mask__28,0.16446432
data__mask__22,data__mask__29,0.20654713
data__mask__22,data__mask__3,-0.00575853
data__mask__22,data__mask__30,0.25413978
data__mask__22,data__mask__31,0.11300974
data__mask__22,data__mask__32,0.19078238
data__mask__22,data__mask__33,0.27755272
data__mask__22,data__mask__34,0.12380592
data__mask__22,data__mask__35,-0.05488502
data__mask__22,data__mask__36,-0.12487275
data__mask__22,data__mask__37,0.02812206
data__mask__22,data__mask__38,0.03306944
data__mask__22,data__mask__39,0.00974250
data__mask__22,data__mask__4,0.13071957
data__mask__22,data__mask__40,0.04323743
data__mask__22,data__mask__41,0.15274414
data__mask__22,data__mask__5,0.12219150
data__mask__22,data__mask__6,0.07101668
data__mask__22,data__mask__7,0.15492903
data__mask__22,data__mask__8,0.09703163
data__mask__22,data__mask__9,0.06829000
data__mask__23,data__mask__24,0.40698853
data__mask__23,data__mask__25,0.29577190
data__mask__23,data__mask__26,0.35398626
data__mask__23,data__mask__27,0.25702494
data__mask__23,data__mask__28,0.08337041
data__mask__23,data__mask__29,0.07249015
data__mask__23,data__mask__3,0.18632701
data__mask__23,data__mask__30,0.30295134
data__mask__23,data__mask__31,0.21273525
data__mask__23,data__mask__32,0.09762328
data__mask__23,data__mask__33,0.22883552
data__mask__23,data__mask__34,0.06451395
data__mask__23,data__mask__35,0.01569609
data__mask__23,data__mask__36,0.06248958
data__mask__23,data__mask__37,0.11984523
data__mask__23,data__mask__38,0.16275603
data__mask__23,data__mask__39,0.05475866
data__mask__23,data__mask__4,0.15811870
data__mask__23,data__mask__40,0.04556523
data__mask__23,data__mask__41,0.21215457
data__mask__23,data__mask__5,0.21043585
data__mask__23,data__mask__6,0.14152727
data__mask__23,data__mask__7,0.13000621
data__mask__23,data__mask__8,0.13663188
data__mask__23,data__mask__9,0.14839745
data__mask__24,data__mask__25,0.43516275
data__mask__24,data__mask__26,0.43942109
data__mask__24,data__mask__27,0.12017176
data__mask__24,data__mask__28,0.17049214
data__mask__24,data__mask__29,0.11617015
data__mask__24,data__mask__3,0.00171156
data__mask__24,data__mask__30,0.44380558
data__mask__24,data__mask__31,0.28109998
data__mask__24,data__mask__32,0.16640483
data__mask__24,data__mask__33,0.22528991
data__mask__24,data__mask__34,0.19159916
data__mask__24,data__mask__35,-0.00689887
data__mask__24,data__mask__36,0.01708015
data__mask__24,data__mask__37,0.09013940
data__mask__24,data__mask__38,0.07629106
data__mask__24,data__mask__39,0.03051083
data__mask__24,data__mask__4,-0.00160181
data__mask__24,data__mask__40,-0.01638969
data__mask__24,data__mask__41,0.16466075
data__mask__24,data__mask__5,0.00036856
data__mask__24,data__mask__6,0.07625446
data__mask__24,data__mask__7,0.15403423
data__mask__24,data__mask__8,0.04055590
data__mask__24,data__mask__9,0.02174900
data__mask__25,data__mask__26,0.43661556
data__mask__25,data__mask__27,0.10935029
data__mask__25,data__mask__28,0.31883124
data__mask__25,data__mask__29,0.23021512
data__mask__25,data__mask__3,0.03828822
data__mask__25,data__mask__30,0.35230598
data__mask__25,data__mask__31,0.23997639
data__mask__25,data__mask__32,0.23767874
data__mask__25,data__mask__33,0.19064841
data__mask__25,data__mask__34,0.18156563
data__mask__25,data__mask__35,0.07651421
data__mask__25,data__mask__36,0.11478882
data__mask__25,data__mask__37,0.11823301
data__mask__25,data__mask__38,0.10732938
data__mask__25,data__mask__39,0.08579991
data__mask__25,data__mask__4,0.02873276
data__mask__25,data__mask__40,-0.00615250
data__mask__25,data__mask__41,0.16096465
data__mask__25,data__mask__5,0.01067030
data__mask__25,data__mask__6,0.05512488
data__mask__25,data__mask__7,0.08545934
data__mask__25,data__mask__8,0.05720776
data__mask__25,data__mask__9,0.09733383
data__mask__26,data__mask__27,0.27429414
data__mask__26,data__mask__28,0.19100457
data__mask__26,data__mask__29,0.22268328
data__mask__26,data__mask__3,0.09760705
data__mask__26,data__mask__30,0.79804814
data__mask__26,data__mask__31,0.45182735
data__mask__26,data__mask__32,0.48168004
data__mask__26,data__mask__33,0.30538237
data__mask__26,data__mask__34,0.18377124
data__mask__26,data__mask__35,0.03856726
data__mask__26,data__mask__36,0.04326024
data__mask__26,data__mask__37,0.10108113
data__mask__26,data__mask__38,0.07783670
data__mask__26,data__mask__39,0.06095514
data__mask__26,data__mask__4,0.04567202
data__mask__26,data__mask__40,0.11453004
data__mask__26,data__mask__41,0.18914604
data__mask__26,data__mask__5,0.07402930
data__mask__26,data__mask__6,0.06859155
data__mask__26,data__mask__7,0.15340015
data__mask__26,data__mask__8,0.03057665
data__mask__26,data__mask__9,0.03551349
data__mask__27,data__mask__28,0.15918294
data__mask__27,data__mask__29,0.30335915
data__mask__27,data__mask__3,0.26070347
data__mask__27,data__mask__30,0.18105040
data__mask__27,data__mask__31,0.24598584
data__mask__27,data__mask__32,0.13355692
data__mask__27,data__mask__33,0.15594704
data__mask__27,data__mask__34,0.14500624
data__mask__27,data__mask__35,0.07176275
data__mask__27,data__mask__36,0.03322279
data__mask__27,data__mask__37,0.11502522
data__mask__27,data__mask__38,0.05895889
data__mask__27,data__mask__39,0.09290005
data__mask__27,data__mask__4,0.32859460
data__mask__27,data__mask__40,0.12799485
data__mask__27,data__mask__41,0.33150250
data__mask__27,data__mask__5,0.26838791
data__mask__27,data__mask__6,0.18705377
data__mask__27,data__mask__7,0.13983895
data__mask__27,data__mask__8,0.11940537
data__mask__27,data__mask__9,0.13679239
data__mask__28,data__mask__29,0.39677885
data__mask__28,data__mask__3,0.03854225
data__mask__28,data__mask__30,0.11339267
data__mask__28,data__mask__31,0.09571587
data__mask__28,data__mask__32,0.07136847
data__mask__28,data__mask__33,0.04798173
data__mask__28,data__mask__34,0.30731738
data__mask__28,data__mask__35,-0.07637934
data__mask__28,data__mask__36,-0.08595431
data__mask__28,data__mask__37,0.08597186
data__mask__28,data__mask__38,0.10338337
data__mask__28,data__mask__39,0.00272779
data__mask__28,data__mask__4,0.05470719
data__mask__28,data__mask__40,-0.02573348
data__mask__28,data__mask__41,0.12728675
data__mask__28,data__mask__5,0.06635039
data__mask__28,data__mask__6,-0.03335221
data__mask__28,data__mask__7,-0.01994698
data__mask__28,data__mask__8,-0.02125795
data__mask__28,data__mask__9,0.04546198
data__mask__29,data__mask__3,0.10508011
data__mask__29,data__mask__30,0.13691646
data__mask__29,data__mask__31,0.27502954
data__mask__29,data__mask__32,0.12021001
data__mask__29,data__mask__33,0.13107064
data__mask__29,data__mask__34,0.17805636
data__mask__29,data__mask__35,0.06238307
data__mask__29,data__mask__36,0.05775626
data__mask__29,data__mask__37,0.14917913
data__mask__29,data__mask__38,0.18407819
data__mask__29,data__mask__39,0.08080101
data__mask__29,data__mask__4,0.07871705
data__mask__29,data__mask__40,0.06140041
data__mask__29,data__mask__41,0.22351953
data__mask__29,data__mask__5,0.15244752
data__mask__29,data__mask__6,0.08768637
data__mask__29,data__mask__7,0.12168913
data__mask__29,data__mask__8,0.02951848
data__mask__29,data__mask__9,0.07950246
data__mask__3,data__mask__30,0.07079255
data__mask__3,data__mask__31,0.06944896
data__mask__3,data__mask__32,0.21168375
data__mask__3,data__mask__33,0.18029809
data__mask__3,data__mask__34,0.02997872
data__mask__3,data__mask__35,0.50416839
data__mask__3,data__mask__36,0.39335263
data__mask__3,data__mask__37,0.50306582
data__mask__3,data__mask__38,0.40113199
data__mask__3,data__mask__39,0.41717571
data__mask__3,data__mask__4,0.58073986
data__mask__3,data__mask__40,0.41715720
data__mask__3,data__mask__41,0.35366872
data__mask__3,data__mask__5,0.68435389
data__mask__3,data__mask__6,0.62297285
data__mask__3,data__mask__7,0.44505915
data__mask__3,data__mask__8,0.59785914
data__mask__3,data__mask__9,0.53089619
data__mask__30,data__mask__31,0.55981696
data__mask__30,data__mask__32,0.45279869
data__mask__30,data__mask__33,0.30957302
data__mask__30,data__mask__34,0.11282440
data__mask__30,data__mask__35,0.04170894
data__mask__30,data__mask__36,0.07682554
data__mask__30,data__mask__37,0.03181800
data__mask__30,data__mask__38,0.01851278
data__mask__30,data__mask__39,0.01968392
data__mask__30,data__mask__4,0.02526016
data__mask__30,data__mask__40,0.10274269
data__mask__30,data__mask__41,0.16023415
data__mask__30,data__mask__5,0.07894280
data__mask__30,data__mask__6,0.07594422
data__mask__30,data__mask__7,0.11198549
data__mask__30,data__mask__8,0.02008924
data__mask__30,data__mask__9,0.00479253
data__mask__31,data__mask__32,0.23043790
data__mask__31,data__mask__33,0.23751086
data__mask__31,data__mask__34,0.18556377
data__mask__31,data__mask__35,0.00345025
data__mask__31,data__mask__36,0.02387811
data__mask__31,data__mask__37,0.07480826
data__mask__31,data__mask__38,0.05927069
data__mask__31,data__mask__39,0.00462883
data__mask__31,data__mask__4,0.07934483
data__mask__31,data__mask__40,0.02397249
data__mask__31,data__mask__41,0.13351035
data__mask__31,data__mask__5,0.09919798
data__mask__31,data__mask__6,0.07262162
data__mask__31,data__mask__7,0.07895419
data__mask__31,data__mask__8,0.06831931
data__mask__31,data__mask__9,0.07359993
data__mask__32,data__mask__33,0.38639367
data__mask__32,data__mask__34,0.11928286
data__mask__32,data__mask__35,0.12303500
data__mask__32,data__mask__36,0.15644014
data__mask__32,data__mask__37,0.07161192
data__mask__32,data__mask__38,0.09378468
data__mask__32,data__mask__39,0.07903884
data__mask__32,data__mask__4,0.01146280
data__mask__32,data__mask__40,0.06889177
data__mask__32,data__mask__41,0.28135896
data__mask__32,data__mask__5,0.11053194
data__mask__32,data__mask__6,0.14030138
data__mask__32,data__mask__7,0.13997033
data__mask__32,data__mask__8,0.09759052
data__mask__32,data__mask__9,0.06660393
data__mask__33,data__mask__34,0.28377742
data__mask__33,data__mask__35,0.10285641
data__mask__33,data__mask__36,0.11051377
data__mask__33,data__mask__37,0.07683586
data__mask__33,data__mask__38,0.07729589
data__mask__33,data__mask__39,0.07644252
data__mask__33,data__mask__4,0.16299638
data__mask__33,data__mask__40,0.05941559
data__mask__33,data__mask__41,0.30078381
data__mask__33,data__mask__5,0.20618603
data__mask__33,data__mask__6,0.13756111
data__mask__33,data__mask__7,0.23214300
data__mask__33,data__mask__8,0.23924913
data__mask__33,data__mask__9,0.17737564
data__mask__34,data__mask__35,-0.04564318
data__mask__34,data__mask__36,-0.07955535
data__mask__34,data__mask__37,0.09126735
data__mask__34,data__mask__38,-0.01100457
data__mask__34,data__mask__39,-0.04993474
data__mask__34,data__mask__4,-0.01187123
data__mask__34,data__mask__40,0.06076689
data__mask__34,data__mask__41,0.12080071
data__mask__34,data__mask__5,0.07183331
data__mask__34,data__mask__6,0.09242327
data__mask__34,data__mask__7,0.11244401
data__mask__34,data__mask__8,0.09487125
data__mask__34,data__mask__9,0.02734160
data__mask__35,data__mask__36,0.73872799
data__mask__35,data__mask__37,0.47694737
data__mask__35,data__mask__38,0.43125728
data__mask__35,data__mask__39,0.50548208
data__mask__35,data__mask__4,0.34577125
data__mask__35,data__mask__40,0.47365367
data__mask__35,data__mask__41,0.21647613
data__mask__35,data__mask__5,0.43835410
data__mask__35,data__mask__6,0.44776684
data__mask__35,data__mask__7,0.26094270
data__mask__35,data__mask__8,0.42894012
data__mask__35,data__mask__9,0.44666982
data__mask__36,data__mask__37,0.38431239
data__mask__36,data__mask__38,0.40417188
data__mask__36,data__mask__39,0.47826403
data__mask__36,data__mask__4,0.26260239
data__mask__36,data__mask__40,0.39271754
data__mask__36,data__mask__41,0.24696505
data__mask__36,data__mask__5,0.29378641
data__mask__36,data__mask__6,0.36441237
data__mask__36,data__mask__7,0.24811707
data__mask__36,data__mask__8,0.40650195
data__mask__36,data__mask__9,0.36518407
data__mask__37,data__mask__38,0.68452120
data__mask__37,data__mask__39,0.58325785
data__mask__37,data__mask__4,0.28825501
data__mask__37,data__mask__40,0.38921958
data__mask__37,data__mask__41,0.30685818
data__mask__37,data__mask__5,0.41002733
data__mask__37,data__mask__6,0.45554477
data__mask__37,data__mask__7,0.27376851
data__mask__37,data__mask__8,0.42175913
data__mask__37,data__mask__9,0.39186513
data__mask__38,data__mask__39,0.64160377
data__mask__38,data__mask__4,0.23130766
data__mask__38,data__mask__40,0.39721730
data__mask__38,data__mask__41,0.22863355
data__mask__38,data__mask__5,0.36064976
data__mask__38,data__mask__6,0.43938148
data__mask__38,data__mask__7,0.30943653
data__mask__38,data__mask__8,0.38619876
data__mask__38,data__mask__9,0.40139055
data__mask__39,data__mask__4,0.21982603
data__mask__39,data__mask__40,0.44235206
data__mask__39,data__mask__41,0.27748430
data__mask__39,data__mask__5,0.33466971
data__mask__39,data__mask__6,0.48541713
data__mask__39,data__mask__7,0.33734018
data__mask__39,data__mask__8,0.42546597
data__mask__39,data__mask__9,0.42342645
data__mask__4,data__mask__40,0.31505328
data__mask__4,data__mask__41,0.27566719
data__mask__4,data__mask__5,0.65428627
data__mask__4,data__mask__6,0.48372990
data__mask__4,data__mask__7,0.47416085
data__mask__4,data__mask__8,0.49987602
data__mask__4,data__mask__9,0.50156569
data__mask__40,data__mask__41,0.30302072
data__mask__40,data__mask__5,0.44024044
data__mask__40,data__mask__6,0.39384067
data__mask__40,data__mask__7,0.34506637
data__mask__40,data__mask__8,0.53454602
data__mask__40,data__mask__9,0.43670237
data__mask__41,data__mask__5,0.30825612
data__mask__41,data__mask__6,0.30777633
data__mask__41,data__mask__7,0.30139941
data__mask__41,data__mask__8,0.31792045
data__mask__41,data__mask__9,0.31879866
data__mask__5,data__mask__6,0.55385053
data__mask__5,data__mask__7,0.38276082
data__mask__5,data__mask__8,0.60631615
data__mask__5,data__mask__9,0.48454660
data__mask__6,data__mask__7,0.57394278
data__mask__6,data__mask__8,0.60070515
data__mask__6,data__mask__9,0.55682570
data__mask__7,data__mask__8,0.57289779
data__mask__7,data__mask__9,0.50421339
data__mask__8,data__mask__9,0.68928665
